{"train": {"precision": 0.6818181818181818, "recall": 0.6818181818181818, "roc_auc": 0.8953908152128285}}
