{"train": {"precision": 0.6956521739130435, "recall": 0.37209302325581395, "roc_auc": 0.8953908152128285}}