{"train": {"precision": 0.6666666666666666, "recall": 0.32558139534883723, "roc_auc": 0.8952229031987238}}