{"train": {"precision": 0.6521739130434783, "recall": 0.3488372093023256, "roc_auc": 0.910167072454034}}
