{"train": {"precision": 0.7222222222222222, "recall": 0.3023255813953488, "roc_auc": 0.8962303752833516}}