{"train": {"precision": 0.7083333333333334, "recall": 0.3953488372093023, "roc_auc": 0.8864914784652842}}